sample,case,run,total_ms
short_01.wav,A_cache_off_simd_off,1,208.5798
short_01.wav,A_cache_off_simd_off,2,223.5935
short_01.wav,A_cache_off_simd_off,3,257.1342
short_01.wav,B_cache_off_simd_on,1,238.4965
short_01.wav,B_cache_off_simd_on,2,232.7822
short_01.wav,B_cache_off_simd_on,3,225.4138
short_01.wav,C_cache_on_simd_off,1,158.7684
short_01.wav,C_cache_on_simd_off,2,65.4685
short_01.wav,C_cache_on_simd_off,3,68.9988
short_01.wav,D_cache_on_simd_on,1,68.8797
short_01.wav,D_cache_on_simd_on,2,109.8706
short_01.wav,D_cache_on_simd_on,3,73.6584
short_02.wav,A_cache_off_simd_off,1,255.0359
short_02.wav,A_cache_off_simd_off,2,247.2172
short_02.wav,A_cache_off_simd_off,3,232.6984
short_02.wav,B_cache_off_simd_on,1,291.8807
short_02.wav,B_cache_off_simd_on,2,253.8129
short_02.wav,B_cache_off_simd_on,3,266.1146
short_02.wav,C_cache_on_simd_off,1,56.0797
short_02.wav,C_cache_on_simd_off,2,64.463
short_02.wav,C_cache_on_simd_off,3,69.0293
short_02.wav,D_cache_on_simd_on,1,152.0589
short_02.wav,D_cache_on_simd_on,2,67.0767
short_02.wav,D_cache_on_simd_on,3,71.7166
short_03.wav,A_cache_off_simd_off,1,267.4285
short_03.wav,A_cache_off_simd_off,2,245.011
short_03.wav,A_cache_off_simd_off,3,254.8636
short_03.wav,B_cache_off_simd_on,1,242.7553
short_03.wav,B_cache_off_simd_on,2,295.8214
short_03.wav,B_cache_off_simd_on,3,233.3831
short_03.wav,C_cache_on_simd_off,1,55.6613
short_03.wav,C_cache_on_simd_off,2,46.2356
short_03.wav,C_cache_on_simd_off,3,48.3712
short_03.wav,D_cache_on_simd_on,1,63.5988
short_03.wav,D_cache_on_simd_on,2,60.196
short_03.wav,D_cache_on_simd_on,3,64.0912
medium_01.wav,A_cache_off_simd_off,1,750.6068
medium_01.wav,A_cache_off_simd_off,2,1070.9987
medium_01.wav,A_cache_off_simd_off,3,927.5069
medium_01.wav,B_cache_off_simd_on,1,845.2571
medium_01.wav,B_cache_off_simd_on,2,789.033
medium_01.wav,B_cache_off_simd_on,3,776.8664
medium_01.wav,C_cache_on_simd_off,1,54.1524
medium_01.wav,C_cache_on_simd_off,2,53.4891
medium_01.wav,C_cache_on_simd_off,3,53.8169
medium_01.wav,D_cache_on_simd_on,1,52.1512
medium_01.wav,D_cache_on_simd_on,2,65.0877
medium_01.wav,D_cache_on_simd_on,3,60.134
medium_02.wav,A_cache_off_simd_off,1,775.6043
medium_02.wav,A_cache_off_simd_off,2,764.6814
medium_02.wav,A_cache_off_simd_off,3,722.3139
medium_02.wav,B_cache_off_simd_on,1,715.9767
medium_02.wav,B_cache_off_simd_on,2,704.9961
medium_02.wav,B_cache_off_simd_on,3,704.9399
medium_02.wav,C_cache_on_simd_off,1,77.6929
medium_02.wav,C_cache_on_simd_off,2,70.4139
medium_02.wav,C_cache_on_simd_off,3,72.2405
medium_02.wav,D_cache_on_simd_on,1,58.1683
medium_02.wav,D_cache_on_simd_on,2,61.8175
medium_02.wav,D_cache_on_simd_on,3,118.0187
medium_03.wav,A_cache_off_simd_off,1,1029.6829
medium_03.wav,A_cache_off_simd_off,2,602.3289
medium_03.wav,A_cache_off_simd_off,3,786.8505
medium_03.wav,B_cache_off_simd_on,1,862.2486
medium_03.wav,B_cache_off_simd_on,2,770.1444
medium_03.wav,B_cache_off_simd_on,3,754.9049
medium_03.wav,C_cache_on_simd_off,1,61.3081
medium_03.wav,C_cache_on_simd_off,2,77.0022
medium_03.wav,C_cache_on_simd_off,3,66.1378
medium_03.wav,D_cache_on_simd_on,1,61.0805
medium_03.wav,D_cache_on_simd_on,2,74.1848
medium_03.wav,D_cache_on_simd_on,3,211.4658
long_01.wav,A_cache_off_simd_off,1,1912.6554
long_01.wav,A_cache_off_simd_off,2,1957.3496
long_01.wav,A_cache_off_simd_off,3,2178.5894
long_01.wav,B_cache_off_simd_on,1,1851.6691
long_01.wav,B_cache_off_simd_on,2,1756.2397999999998
long_01.wav,B_cache_off_simd_on,3,1810.351
long_01.wav,C_cache_on_simd_off,1,66.6218
long_01.wav,C_cache_on_simd_off,2,67.3143
long_01.wav,C_cache_on_simd_off,3,75.8733
long_01.wav,D_cache_on_simd_on,1,75.4523
long_01.wav,D_cache_on_simd_on,2,59.2477
long_01.wav,D_cache_on_simd_on,3,60.7164
long_02.wav,A_cache_off_simd_off,1,2075.6534
long_02.wav,A_cache_off_simd_off,2,1722.1866
long_02.wav,A_cache_off_simd_off,3,1758.3902
long_02.wav,B_cache_off_simd_on,1,1768.1966
long_02.wav,B_cache_off_simd_on,2,1857.1069
long_02.wav,B_cache_off_simd_on,3,1679.1012999999998
long_02.wav,C_cache_on_simd_off,1,57.4701
long_02.wav,C_cache_on_simd_off,2,63.4109
long_02.wav,C_cache_on_simd_off,3,48.6213
long_02.wav,D_cache_on_simd_on,1,51.4513
long_02.wav,D_cache_on_simd_on,2,47.5307
long_02.wav,D_cache_on_simd_on,3,56.4105
long_03.wav,A_cache_off_simd_off,1,1692.5552
long_03.wav,A_cache_off_simd_off,2,1872.2253
long_03.wav,A_cache_off_simd_off,3,1660.1143
long_03.wav,B_cache_off_simd_on,1,1677.2902000000001
long_03.wav,B_cache_off_simd_on,2,1751.8072
long_03.wav,B_cache_off_simd_on,3,1708.8751
long_03.wav,C_cache_on_simd_off,1,65.5525
long_03.wav,C_cache_on_simd_off,2,55.0925
long_03.wav,C_cache_on_simd_off,3,83.6134
long_03.wav,D_cache_on_simd_on,1,77.444
long_03.wav,D_cache_on_simd_on,2,69.2306
long_03.wav,D_cache_on_simd_on,3,90.2214
extreme_high_noise.wav,A_cache_off_simd_off,1,269.9887
extreme_high_noise.wav,A_cache_off_simd_off,2,268.0565
extreme_high_noise.wav,A_cache_off_simd_off,3,254.7189
extreme_high_noise.wav,B_cache_off_simd_on,1,279.4219
extreme_high_noise.wav,B_cache_off_simd_on,2,466.5979
extreme_high_noise.wav,B_cache_off_simd_on,3,284.168
extreme_high_noise.wav,C_cache_on_simd_off,1,63.3605
extreme_high_noise.wav,C_cache_on_simd_off,2,67.6428
extreme_high_noise.wav,C_cache_on_simd_off,3,77.8883
extreme_high_noise.wav,D_cache_on_simd_on,1,67.2709
extreme_high_noise.wav,D_cache_on_simd_on,2,63.8411
extreme_high_noise.wav,D_cache_on_simd_on,3,62.2951
